Price,PricePerM2,Area,floor,Number of floors,Room count,Built year,Heating,Equipment,NearestKindergarten,NearestEducational,NearestShop,NearestStop,CrimeRate,City,District,href
111300,1666,66.82,1,2,4,2022-01-01,Gas,Partial decoration,0.13,0.32,0.1,0.02,7,Šiauliai,Centras,https://en.aruodas.lt/butai-siauliuose-centre-ausros-al-nekilnojamojo-turto-agentura-du-procentai-1-3265666/
62000,1476,42.0,3,4,2,1962-01-01,Central,Fully equipped,0.16,0.29,0.14,0.04,12,Šiauliai,Centras,https://en.aruodas.lt/butai-siauliuose-centre-draugystes-pr-renovuotame-name-parduodamas-dvieju-kambariu-1-3273362/
62000,1442,43.0,1,5,2,1965-01-01,Central,Fully equipped,0.32,0.23,0.14,0.27,17,Šiauliai,Centras,https://en.aruodas.lt/butai-siauliuose-centre-traku-g-parduodamas-tvarkingas-butas-traku-g-32-1-3273086/
82000,1339,61.25,3,5,3,1970-01-01,Central,Fully equipped,0.18,0.53,0.46,0.21,5,Šiauliai,Centras,https://en.aruodas.lt/butai-siauliuose-centre-dubijos-g-parduodamas-tvarkingas-3-kambariu-butas-1-3273070/
91000,2220,41.0,1,4,2,1959-01-01,Central,Fully equipped,0.07,0.1,0.17,0.02,25,Šiauliai,Centras,https://en.aruodas.lt/butai-siauliuose-centre-vytauto-g-parduodamas-2-kambariu-butas-pirmame-aukste-1-3271370/
26900,1056,25.48,4,5,1,1963-01-01,Central,Fully equipped,0.09,0.35,0.25,0.14,6,Šiauliai,Centras,https://en.aruodas.lt/butai-siauliuose-centre-zalgirio-g-parduodamas-tvarkingas-1-kambario-butas-su-1-3271330/
100000,2381,42.0,4,4,2,1960-01-01,Central,Fully equipped,0.07,0.1,0.17,0.02,25,Šiauliai,Centras,https://en.aruodas.lt/butai-siauliuose-centre-vytauto-g-parduodama-viskas-kas-matoma-nuotraukose-1-3193228/
79900,1697,47.09,3,5,2,1970-01-01,Central,Fully equipped,0.15,0.49,0.43,0.17,5,Šiauliai,Centras,https://en.aruodas.lt/butai-siauliuose-centre-ezero-g-parduodamas-naujai-renovuotas-2-kambariu-1-3269742/
39700,1303,30.47,1,5,1,1967-01-01,Central,Fully equipped,0.25,0.45,0.11,0.18,12,Šiauliai,Centras,https://en.aruodas.lt/butai-siauliuose-centre-tilzes-g-1-3267960/
74999,1471,51.0,1,5,3,1969-01-01,Central,Fully equipped,0.25,0.45,0.11,0.18,12,Šiauliai,Centras,https://en.aruodas.lt/butai-siauliuose-centre-tilzes-g-parduodamas-grazus-triju-kambariu-butas-1-3267620/
129000,2481,52.0,2,4,2,1957-01-01,Central,Fully equipped,0.16,0.18,0.24,0.13,24,Šiauliai,Centras,https://en.aruodas.lt/butai-siauliuose-centre-dvaro-g-miesto-sirdyje-salia-bulvaro-parduodamas-1-3266848/
50000,1128,44.31,5,5,2,1973-01-01,Central,Fully equipped,0.11,0.31,0.1,0.06,6,Šiauliai,Centras,https://en.aruodas.lt/butai-siauliuose-centre-tilzes-g-parduodamas-dvieju-kambariu-butas-su-rusiu-2-1-3202593/
82000,1622,50.55,4,5,3,1967-01-01,Central,Fully equipped,0.23,0.09,0.22,0.15,15,Šiauliai,Centras,https://en.aruodas.lt/butai-siauliuose-centre-traku-g-parduodamas-butas-centrineje-miesto-dalyje-1-3265556/
69900,1487,47.0,4,5,2,1968-01-01,Central,Fully equipped,0.42,0.07,0.24,0.12,6,Šiauliai,Centras,https://en.aruodas.lt/butai-siauliuose-centre-vilniaus-g-2-kambariu-butas-centre-pesciuju-bulvare-1-3262524/
88000,1722,51.09,5,5,3,1961-01-01,Central,Fully equipped,0.22,0.34,0.14,0.11,13,Šiauliai,Centras,https://en.aruodas.lt/butai-siauliuose-centre-draugystes-pr-parduodamas-tvarkingas-butas-miesto-centre-1-3261918/
25000,667,37.5,5,5,2,1968-01-01,Central,Fully equipped,0.38,0.28,0.1,0.27,14,Šiauliai,Centras,https://en.aruodas.lt/butai-siauliuose-centre-varpo-g-parduodamas-bendrabucio-tipo-butas-varpo-1-3260062/
7800,430,18.13,5,5,1,1969-01-01,Central,Fully equipped,0.24,0.41,0.58,0.05,10,Šiauliai,Centras,https://en.aruodas.lt/butai-siauliuose-centre-tilzes-g-sveiki-pasikeitus-gyvenimo-aplinkybems-1-3242607/
7700,431,17.88,4,5,1,1969-01-01,Central,Partial decoration,0.24,0.41,0.58,0.05,10,Šiauliai,Centras,https://en.aruodas.lt/butai-siauliuose-centre-tilzes-g-sveiki-pasikeitus-gyvenimo-aplinkybems-1-3242629/
157000,2243,70.0,2,3,3,1958-01-01,Central,Fully equipped,0.22,0.1,0.13,0.21,7,Šiauliai,Centras,https://en.aruodas.lt/butai-siauliuose-centre-traku-g-parduodamas-butas-centre-parduodamas-1-3268384/
15500,861,18.0,3,4,1,1976-01-01,Central,Fully equipped,0.37,0.56,0.06,0.14,1,Šiauliai,Centras,https://en.aruodas.lt/butai-siauliuose-centre-j-basanaviciaus-g-butas-su-visais-patogumais-butas-po-1-3266820/
60000,1486,40.37,2,4,2,1960-01-01,Central,Fully equipped,0.07,0.1,0.17,0.02,25,Šiauliai,Centras,https://en.aruodas.lt/butai-siauliuose-centre-vytauto-g-parduodamas-2-kambariu-butas-siauliu-centre-1-3265772/
230000,1586,145.0,3,3,6,1947-01-01,Gas,Fully equipped,0.11,0.17,0.24,0.1,24,Šiauliai,Centras,https://en.aruodas.lt/butai-siauliuose-centre-dvaro-g-unikalus-zymaus-architekto-projektas-namo-1-3217864/
48000,1172,40.96,1,5,2,1963-01-01,Central,Fully equipped,0.29,0.43,0.43,0.23,5,Šiauliai,Centras,https://en.aruodas.lt/butai-siauliuose-centre-dainavos-tak-parduodamas-dvieju-kambariu-butas-netoli-1-3251697/
37500,1009,37.15,4,5,2,1975-01-01,Central,Fully equipped,0.15,0.14,0.26,0.14,7,Šiauliai,Centras,https://en.aruodas.lt/butai-siauliuose-centre-traku-g-traku-g-parduodamas-bendrabucio-tipo-2-k-1-3269542/
82000,1580,51.9,2,3,2,1963-01-01,Central,Fully equipped,0.11,0.14,0.26,0.09,7,Šiauliai,Centras,https://en.aruodas.lt/butai-siauliuose-centre-traku-g-parduodamas-irengtas-2ju-kambariu-52-kvm-1-3250163/
76500,1508,50.73,2,4,3,1960-01-01,Central,Fully equipped,0.38,0.23,0.29,0.04,8,Šiauliai,Centras,https://en.aruodas.lt/butai-siauliuose-centre-ausros-al-ypatingai-geras-pasiulymas-uz-protinga-kaina-1-3273134/
80500,1995,40.35,3,5,2,1963-01-01,Central,Fully equipped,0.16,0.03,0.1,0.15,7,Šiauliai,Centras,https://en.aruodas.lt/butai-siauliuose-centre-ezero-g-centreparduodamas-labai-siltas-ir-sviesus-1-3236434/
149000,2630,56.65,3,3,2,1946-01-01,Gas,Fully equipped,0.24,0.19,0.42,0.09,7,Šiauliai,Centras,https://en.aruodas.lt/butai-siauliuose-centre-ausros-al-parduodamas-suremontuotas-2-kambariu-butas-1-3272140/
9500,521,18.25,4,5,1,1973-01-01,Central,Fully equipped,0.17,0.07,0.03,0.15,26,Šiauliai,Centras,https://en.aruodas.lt/butai-siauliuose-centre-tilzes-g-nekilnojamojo-turto-agentura-du-procentai-1-3272292/
47500,1131,42.0,2,5,2,1963-01-01,Central,Fully equipped,0.44,0.24,0.02,0.22,23,Šiauliai,Centras,https://en.aruodas.lt/butai-siauliuose-centre-traku-g-1-3245865/
34900,957,36.47,5,5,2,1978-01-01,Central,Fully equipped,0.49,0.46,0.18,0.19,2,Šiauliai,Centras,https://en.aruodas.lt/butai-siauliuose-centre-gumbines-g-parduodamas-2-kambariu-butas-bendrabucio-tipo-1-3270040/
62500,1434,43.59,5,5,2,1962-01-01,Central thermostat,Fully equipped,0.09,0.27,0.3,0.22,7,Šiauliai,Centras,https://en.aruodas.lt/butai-siauliuose-centre-vytauto-g-renovuotame-name-parduodamas-2-kambariu-butas-1-3265950/
105700,1626,65.0,2,5,3,1985-01-01,Central,Fully equipped,0.34,0.15,0.32,0.07,7,Šiauliai,Centras,https://en.aruodas.lt/butai-siauliuose-centre-algirdo-juliaus-greimo-g-paciame-miesto-centre-ramioje-vietoje-1-3244815/
45000,1099,40.96,1,5,2,1963-01-01,Central,Fully equipped,0.29,0.43,0.43,0.23,5,Šiauliai,Centras,https://en.aruodas.lt/butai-siauliuose-centre-dainavos-tak-geroje-ir-ramioje-vietoje-netoli-miesto-1-3272142/
105000,1382,76.0,4,4,4,1960-01-01,Gas,Fully equipped,0.25,0.2,0.43,0.1,7,Šiauliai,Centras,https://en.aruodas.lt/butai-siauliuose-centre-ausros-al-nt-agentura-du-procentai-2-siulo-1-3266952/
57800,889,65.01,2,5,3,1973-01-01,Central,Fully equipped,0.38,0.1,0.44,0.26,3,Šiauliai,Centras,https://en.aruodas.lt/butai-siauliuose-centre-vilniaus-g--parduodamas-3-ju-kambariu-butas-vilniaus-g-1-3273352/
92000,1209,76.12,4,5,4,1988-01-01,Central thermostat,Fully equipped,0.23,0.29,0.27,0.11,0,Šiauliai,Centras,https://en.aruodas.lt/butai-siauliuose-centre-klevu-g-renovuotame-name-parduodamas-4-kambariu-butas-1-3273094/
92000,1209,76.12,4,5,4,1988-01-01,Central,Fully equipped,0.23,0.29,0.27,0.11,0,Šiauliai,Centras,https://en.aruodas.lt/butai-siauliuose-centre-klevu-g-parduodamas-4-k-7612-kvm-bendro-ploto-1-3261992/
73000,1738,42.0,1,2,2,1963-01-01,Central,Fully equipped,0.11,0.14,0.26,0.09,7,Šiauliai,Centras,https://en.aruodas.lt/butai-siauliuose-centre-traku-g-centre-parduodamas-labai-siltas-1-3272992/
67500,1500,45.0,5,5,2,1965-01-01,Central,Fully equipped,0.44,0.24,0.02,0.22,23,Šiauliai,Centras,https://en.aruodas.lt/butai-siauliuose-centre-traku-g-pigiau-paciame-miesto-centre-1-3272984/
138800,1896,73.2,1,4,3,1958-01-01,Central,Fully equipped,0.22,0.09,0.31,0.12,19,Šiauliai,Centras,https://en.aruodas.lt/butai-siauliuose-centre-varpo-g-autentiska-architektura-bei-tikraja-1-3272886/
130000,1391,93.45,2,2,4,1937-01-01,"Central, gas",Fully equipped,0.34,0.31,0.37,0.25,6,Šiauliai,Centras,https://en.aruodas.lt/butai-siauliuose-centre-vaisiu-g-parduodamas-labai-geroje-vietoje-paciame-1-3272866/
136000,1617,84.12,3,3,3,1976-01-01,"Central, gas",Fully equipped,0.05,0.15,0.23,0.07,19,Šiauliai,Centras,https://en.aruodas.lt/butai-siauliuose-centre-dvaro-g-parduodamas-isskirtinis-3-ju-kambariu-butas-1-3272864/
68000,1621,41.96,3,5,2,1961-01-01,Central thermostat,Fully equipped,0.11,0.23,0.32,0.17,3,Šiauliai,Centras,https://en.aruodas.lt/butai-siauliuose-centre-draugystes-pr-parduodamas-labai-geroje-vietoje-gerai-1-3272862/
52000,1176,44.22,3,5,2,1962-01-01,Central,Fully equipped,0.38,0.16,0.24,0.08,8,Šiauliai,Centras,https://en.aruodas.lt/butai-siauliuose-centre-zemaites-g-parduodamas-labai-pigiai-2-kambariu-butas-1-3272860/
16000,343,46.67,1,2,3,1942-01-01,Solid fuel,Fully equipped,0.22,0.11,0.43,0.14,1,Šiauliai,Centras,https://en.aruodas.lt/butai-siauliuose-centre-birutes-g-parduodamas-labai-pigiai-3-ju-kambariu-butas-1-3272818/
12500,698,17.92,3,5,1,1968-01-01,Central,Fully equipped,0.38,0.28,0.1,0.27,14,Šiauliai,Centras,https://en.aruodas.lt/butai-siauliuose-centre-varpo-g-parduodamas-1-no-kambario-butas-varpo-pr-1-3272770/
22500,891,25.26,2,5,1,1963-01-01,Central,Fully equipped,0.09,0.35,0.25,0.14,6,Šiauliai,Centras,https://en.aruodas.lt/butai-siauliuose-centre-zalgirio-g-baltu-plytu-murinis-namas-2a-is-5-bendras-1-3272676/
8500,500,17.0,3,5,1,1965-01-01,Central,Fully equipped,0.24,0.69,0.17,0.03,2,Šiauliai,Centras,https://en.aruodas.lt/butai-siauliuose-centre-j-basanaviciaus-g-nekilnojamojo-turto-agentura-du-procentai-1-3272420/
99700,1608,62.0,2,4,3,1949-01-01,Central,Fully equipped,0.35,0.23,0.17,0.03,33,Šiauliai,Centras,https://en.aruodas.lt/butai-siauliuose-centre-tilzes-g-miesto-centre-prie-pat-miesto-bulvaro-1-3272272/
77000,1736,44.35,3,4,2,1959-01-01,Central,Fully equipped,0.21,0.13,0.28,0.1,19,Šiauliai,Centras,https://en.aruodas.lt/butai-siauliuose-centre-varpo-g-salia-siauliu-centrines-miesto-aikstes-1-3272170/
54900,1094,50.2,1,5,2,1970-01-01,Central,Fully equipped,0.09,0.41,0.31,0.15,6,Šiauliai,Centras,https://en.aruodas.lt/butai-siauliuose-centre-zalgirio-g-pirmame-aukste-parduodamas-2k-butas-1-3272164/
45950,1242,37.0,1,2,2,1957-01-01,Central,Fully equipped,0.09,0.35,0.29,0.04,6,Šiauliai,Centras,https://en.aruodas.lt/butai-siauliuose-centre-ezero-g-parduodamas-perplanuotas-2k-butas-pirmame-1-3272134/
78000,1258,62.0,3,5,3,1965-01-01,Central,Fully equipped,0.2,0.26,0.29,0.41,20,Šiauliai,Centras,https://en.aruodas.lt/butai-siauliuose-centre-ezero-g-siauliu-miesto-centrineje-dalyje-uz-siauliu-1-3271986/
73900,1895,39.0,3,5,2,1963-01-01,Central,Fully equipped,0.23,0.09,0.22,0.15,15,Šiauliai,Centras,https://en.aruodas.lt/butai-siauliuose-centre-traku-g-parduodamas-puikus-po-kapitalinio-remonto-2-1-3271984/
79900,1700,46.99,3,5,3,1970-01-01,Central,Fully equipped,0.18,0.53,0.46,0.21,5,Šiauliai,Centras,https://en.aruodas.lt/butai-siauliuose-centre-dubijos-g-parduodamas-naujai-irengtas-triju-kambariu-1-3271770/
16500,516,32.0,4,4,2,1965-01-01,Central,Fully equipped,0.24,0.69,0.17,0.03,2,Šiauliai,Centras,https://en.aruodas.lt/butai-siauliuose-centre-j-basanaviciaus-g-nekilnojamojo-turto-agentura-du-procentai-2-1-3271504/
51999,1156,45.0,4,5,2,1969-01-01,Central,Fully equipped,0.1,0.25,0.32,0.17,18,Šiauliai,Centras,https://en.aruodas.lt/butai-siauliuose-centre-vytauto-g-parduodamas-jaukus-butas-vienoje-geriausiu-1-3247289/
146000,2005,72.83,2,5,3,1976-01-01,Central,Fully equipped,0.14,0.17,0.4,0.2,29,Šiauliai,Centras,https://en.aruodas.lt/butai-siauliuose-centre-dvaro-g--centre-salia-bulvaro-dvaro-g-siauliuose-1-3271044/
59000,1195,49.36,2,5,3,1963-01-01,Central,Fully equipped,0.12,0.24,0.17,0.1,6,Šiauliai,Centras,https://en.aruodas.lt/butai-siauliuose-centre-ezero-g-butas-strategiskai-geroje-vietoje-gerame-1-3271018/
139000,1739,79.95,3,5,4,1964-01-01,Central,Fully equipped,0.36,0.07,0.19,0.17,29,Šiauliai,Centras,https://en.aruodas.lt/butai-siauliuose-centre-tilzes-g-perplanuotas-4-kambariu-butas-paciame-miesto-1-3270592/
87500,1429,61.25,4,5,3,1970-01-01,Central,Fully equipped,0.18,0.53,0.46,0.21,5,Šiauliai,Centras,https://en.aruodas.lt/butai-siauliuose-centre-dubijos-g-parduodamas-tvarkingas-butas-dubijos-g-31-1-3270330/
7200,400,18.0,4,5,1,1969-01-01,Central,Fully equipped,0.24,0.41,0.58,0.05,10,Šiauliai,Centras,https://en.aruodas.lt/butai-siauliuose-centre-tilzes-g-blokinis-namas-4a-is-5-vidurinis-bendras-1-3270126/
11500,633,18.17,4,5,1,1973-01-01,Central,Fully equipped,0.17,0.07,0.03,0.15,26,Šiauliai,Centras,https://en.aruodas.lt/butai-siauliuose-centre-tilzes-g-parduodamas-1-kambario-bendrabucio-tipo-butas-1-3270042/
114000,1402,81.34,4,4,3,1959-01-01,Gas,Fully equipped,0.43,0.07,0.12,0.19,34,Šiauliai,Centras,https://en.aruodas.lt/butai-siauliuose-centre-vasario-16-osios-g-nt-agentura-du-procentai-2-siulo-1-3269934/
67700,1235,54.8,5,5,3,1965-01-01,Central,Fully equipped,0.19,0.18,0.16,0.11,27,Šiauliai,Centras,https://en.aruodas.lt/butai-siauliuose-centre-vytauto-g-nt-agentura-du-procentai-2-siulo-1-3269924/
58900,1309,45.0,5,5,2,1970-01-01,Central,Fully equipped,0.19,0.29,0.26,0.35,20,Šiauliai,Centras,https://en.aruodas.lt/butai-siauliuose-centre-ezero-g-nt-agentura-du-procentai-2-siulo-1-3269630/
55500,1261,44.0,1,5,2,1967-01-01,Central,Fully equipped,0.06,0.15,0.39,0.08,1,Šiauliai,Centras,https://en.aruodas.lt/butai-siauliuose-centre-vilniaus-g-parduodamas-2-kambariu-butas-pirmame-aukste-1-3269254/
74000,1718,43.08,1,5,2,1962-01-01,Central,Fully equipped,0.19,0.34,0.23,0.17,7,Šiauliai,Centras,https://en.aruodas.lt/butai-siauliuose-centre-vytauto-g-centre-salia-bulvaro-vytauto-g-siauliuose-1-3269182/
158000,1114,141.8,3,3,6,2020-01-01,Gas,Fully equipped,0.29,0.11,0.39,0.28,28,Šiauliai,Centras,https://en.aruodas.lt/butai-siauliuose-centre-dvaro-g-puikus-pasiulymas-ieskantiems-erdvaus-1-3268908/
15000,652,23.0,2,5,1,1977-01-01,Central,Fully equipped,0.15,0.14,0.24,0.1,2,Šiauliai,Centras,https://en.aruodas.lt/butai-siauliuose-centre-medelyno-g-parduodamas-23kvm-1k-butas-medelyno-g-1-3268854/
66900,1423,47.0,5,5,2,1971-01-01,Central,Fully equipped,0.23,0.53,0.48,0.22,5,Šiauliai,Centras,https://en.aruodas.lt/butai-siauliuose-centre-dubijos-g-nt-agentura-du-procentai-2-siulo-1-3268658/
57900,1304,44.4,5,5,2,1970-01-01,Central,Fully equipped,0.18,0.37,0.14,0.14,9,Šiauliai,Centras,https://en.aruodas.lt/butai-siauliuose-centre-putinu-g-nekilnojamojo-turto-agentura-du-procentai-1-3268636/
9800,576,17.0,4,4,1,1956-01-01,Central,Fully equipped,0.23,0.31,0.07,0.05,12,Šiauliai,Centras,https://en.aruodas.lt/butai-siauliuose-centre-draugystes-pr-puikioje-vietoje-paciame-siauliu-miesto-1-3268590/
90000,1270,70.86,4,5,4,1974-01-01,Central,Fully equipped,0.16,0.08,0.26,0.18,4,Šiauliai,Centras,https://en.aruodas.lt/butai-siauliuose-centre-dvaro-g-miesto-centre-salia-parko-parduodamas-labai-1-3267930/
2000,148,13.53,1,1,1,1926-01-01,Solid fuel,Other,0.4,0.5,0.58,0.22,1,Šiauliai,Centras,https://en.aruodas.lt/butai-siauliuose-centre-dubijos-g-825-dalys-buto-126-dalis-sandelio-ir-dalis-1-3267778/
21700,611,35.5,3,5,2,1968-01-01,Central,Fully equipped,0.36,0.24,0.15,0.24,15,Šiauliai,Centras,https://en.aruodas.lt/butai-siauliuose-centre-varpo-g-varpo-gatveje-salia-miesto-katedros-ir-1-3267652/
38900,1056,36.82,5,5,2,1963-01-01,Central,Partial decoration,0.16,0.42,0.37,0.12,5,Šiauliai,Centras,https://en.aruodas.lt/butai-siauliuose-centre-ezero-g-parduodamas-2k-butas-ezero-g-3-bendras-1-3267650/
53900,1419,37.99,5,5,2,1963-01-01,Central,Fully equipped,0.29,0.43,0.43,0.23,5,Šiauliai,Centras,https://en.aruodas.lt/butai-siauliuose-centre-dainavos-tak-parduodamas-tvarkingas-sviesus-2-kambariu-1-3267412/
63700,1542,41.31,1,5,2,1961-01-01,Central,Fully equipped,0.11,0.08,0.2,0.1,7,Šiauliai,Centras,https://en.aruodas.lt/butai-siauliuose-centre-traku-g-parduodamas-tvarkingas-2-kambariu-butas-1-3267388/
202000,2544,79.39,3,4,3,1960-01-01,Central,Fully equipped,0.16,0.09,0.4,0.11,20,Šiauliai,Centras,https://en.aruodas.lt/butai-siauliuose-centre-varpo-g-pacioje-miesto-sirdyje-salia-miesto-1-3266488/
200000,1411,141.74,1,3,5,1932-01-01,"Electric, aerothermal",Fully equipped,0.01,0.05,0.45,0.11,11,Šiauliai,Centras,https://en.aruodas.lt/butai-siauliuose-centre-ausros-al-parduodamas-paciame-miesto-centre-labai-gerai-1-3266384/
49700,975,51.0,1,5,2,1976-01-01,Central,Fully equipped,0.66,0.35,0.31,0.25,1,Šiauliai,Centras,https://en.aruodas.lt/butai-siauliuose-centre-gumbines-g-nt-agentura-du-procentai-2-siulo-1-3266278/
9800,544,18.0,3,5,1,1966-01-01,Central,Fully equipped,0.05,0.32,0.25,0.02,6,Šiauliai,Centras,https://en.aruodas.lt/butai-siauliuose-centre-ezero-g-parduodamas-labai-geroje-vietoje-1-kambario-1-3266274/
79800,1663,48.0,2,5,2,1965-01-01,Central,Fully equipped,0.16,0.23,0.39,0.23,18,Šiauliai,Centras,https://en.aruodas.lt/butai-siauliuose-centre-vytauto-g-vytauto-g-salia-a-mickeviciaus-g-1-3266144/
94900,2058,46.11,1,3,2,2007-01-01,Gas,Fully equipped,0.24,0.4,0.36,0.27,7,Šiauliai,Centras,https://en.aruodas.lt/butai-siauliuose-centre-draugystes-tak-ieskote-unikalaus-buto-su-atskiru-iejimu-1-3265740/
112000,2521,44.42,2,5,3,1965-01-01,Central,Fully equipped,0.18,0.26,0.32,0.37,13,Šiauliai,Centras,https://en.aruodas.lt/butai-siauliuose-centre-talsos-g-miesto-centre-talsos-g-siauliuose-1-3265702/
65000,1250,52.0,5,5,2,1970-01-01,Central,Fully equipped,0.07,0.44,0.35,0.13,6,Šiauliai,Centras,https://en.aruodas.lt/butai-siauliuose-centre-zalgirio-g-sumazejusi-kaina-vertas-demesio-butas-1-3264810/
52500,1280,41.0,1,5,2,1963-01-01,Central,Fully equipped,0.16,0.42,0.37,0.12,5,Šiauliai,Centras,https://en.aruodas.lt/butai-siauliuose-centre-ezero-g-siauliu-miesto-centrineje-dalyje-ezero-g-1-3264716/
94900,1553,61.12,5,5,3,1964-01-01,Central,Fully equipped,0.05,0.15,0.22,0.09,19,Šiauliai,Centras,https://en.aruodas.lt/butai-siauliuose-centre-vytauto-g-parduodamas-perplanuotas-3-kambariu-butas-1-3264646/
19300,689,28.0,1,2,1,1932-01-01,Solid fuel,Fully equipped,0.31,0.09,0.38,0.15,9,Šiauliai,Centras,https://en.aruodas.lt/butai-siauliuose-centre-s-neries-g-parduodamas-vieno-kambario-butas-miesto-1-3264556/
44300,1032,42.92,3,5,2,1962-01-01,Central,Fully equipped,0.16,0.48,0.42,0.16,5,Šiauliai,Centras,https://en.aruodas.lt/butai-siauliuose-centre-ezero-g-parduodamas-2-kambariu-4292-kv-m-ploto-1-3263886/
53000,1194,44.38,4,5,2,1965-01-01,Central,Fully equipped,0.09,0.34,0.39,0.41,13,Šiauliai,Centras,https://en.aruodas.lt/butai-siauliuose-centre-ezero-g-parduodamas-labai-geroje-vietoje-jaukus-2-1-3263550/
47500,1297,36.63,1,5,2,1961-01-01,Central,Fully equipped,0.04,0.16,0.19,0.15,8,Šiauliai,Centras,https://en.aruodas.lt/butai-siauliuose-centre-vytauto-g-parduodamas-2-ju-kmbariu-butas-1-me-1-3262698/
83000,1055,78.7,3,3,3,1997-01-01,"Central, gas",Fully equipped,0.55,0.49,0.26,0.23,2,Šiauliai,Centras,https://en.aruodas.lt/butai-siauliuose-centre-gumbines-g-parduodamas-labai-geroje-vietoje-isskirtinis-1-3262124/
57000,1395,40.85,2,5,2,1963-01-01,Central,Fully equipped,0.25,0.38,0.38,0.22,4,Šiauliai,Centras,https://en.aruodas.lt/butai-siauliuose-centre-draugystes-pr-parduodamas-2-kambariu-butas-su-balkonu-ir-1-3262006/
8500,479,17.75,5,5,1,1973-01-01,Central,Fully equipped,0.2,0.41,0.5,0.31,0,Šiauliai,Centras,https://en.aruodas.lt/butai-siauliuose-centre-m-k-ciurlionio-g-gera-kaina-1-kambario-bendrabucio-tipo-butas-1-3259394/
144000,1646,87.47,2,2,3,1956-01-01,Gas,Fully equipped,0.39,0.09,0.22,0.12,33,Šiauliai,Centras,https://en.aruodas.lt/butai-siauliuose-centre-tilzes-g-parduodamas-3-ju-kambariu-butas-siauliu-1-3259224/
11900,689,17.28,2,5,1,1973-01-01,Central,Fully equipped,0.2,0.41,0.5,0.31,0,Šiauliai,Centras,https://en.aruodas.lt/butai-siauliuose-centre-m-k-ciurlionio-g-antrame-aukste-parduodamas-1-kambario-1-3256404/
62000,1088,57.0,1,2,2,1954-01-01,Central,Partial decoration,0.32,0.2,0.12,0.16,18,Šiauliai,Centras,https://en.aruodas.lt/butai-siauliuose-centre-stoties-g-2-kambariu-butas-miesto-centre-salia-saules-1-3254363/
11000,701,15.69,3,5,1,1964-01-01,Central,Fully equipped,0.37,0.56,0.06,0.14,1,Šiauliai,Centras,https://en.aruodas.lt/butai-siauliuose-centre-j-basanaviciaus-g-geroje-vietojesiauliu-miesto-centre-1-3253805/
16000,1034,15.48,2,2,1,1938-01-01,Solid fuel,Fully equipped,0.72,1.1,0.03,0.08,0,Šiauliai,Centras,https://en.aruodas.lt/butai-siauliuose-centre-tilzes-g-parduodamas-vieno-kambario-butas-tilzes-g-1-3249497/
58000,1379,42.07,5,5,2,1963-01-01,Central,Fully equipped,0.25,0.38,0.38,0.22,4,Šiauliai,Centras,https://en.aruodas.lt/butai-siauliuose-centre-draugystes-pr-parduodamas-2-kambariu-butas-miesto-centre-1-3249487/
55000,1122,49.0,5,5,3,1964-01-01,Central,Fully equipped,0.13,0.28,0.31,0.2,17,Šiauliai,Centras,https://en.aruodas.lt/butai-siauliuose-centre-a-mickeviciaus-g-maziausia-kaina-parduodamas-butas-siauliu-1-3247559/
61700,1122,54.97,5,5,3,1969-01-01,Central,Fully equipped,0.41,0.15,0.08,0.29,17,Šiauliai,Centras,https://en.aruodas.lt/butai-siauliuose-centre-traku-g-centre-parduodamas-labai-siltas-3-1-3247147/
9000,500,18.0,5,5,1,1966-01-01,Central,Fully equipped,0.05,0.32,0.25,0.02,6,Šiauliai,Centras,https://en.aruodas.lt/butai-siauliuose-centre-ezero-g-parduodamas-butas-bendrabutis-centre-ezero-1-3246815/
92900,1647,56.4,4,4,3,1978-01-01,Central,Fully equipped,0.1,0.31,0.42,0.23,1,Šiauliai,Centras,https://en.aruodas.lt/butai-siauliuose-centre-m-k-ciurlionio-g-parduodamas-3-kambariu-butas-mk-ciurlionio-1-3245365/
38999,1066,36.6,2,5,2,1961-01-01,Central,Fully equipped,0.36,0.34,0.05,0.08,1,Šiauliai,Centras,https://en.aruodas.lt/butai-siauliuose-centre-vytauto-g-parduodamas-sutvarkytas-bendrabucio-tipo-2-1-3233360/
91000,1978,46.0,2,3,2,1965-01-01,Gas,Fully equipped,0.44,0.09,0.04,0.2,33,Šiauliai,Centras,https://en.aruodas.lt/butai-siauliuose-centre-vilniaus-g-arduodamas-2-kamb-butas-46-m-1965-m-1-3243229/
99000,1787,55.41,2,3,2,1920-01-01,Central,Fully equipped,0.24,0.19,0.38,0.23,31,Šiauliai,Centras,https://en.aruodas.lt/butai-siauliuose-centre-vilniaus-g-parduodamas-dvieju-kambariu-butas-miesto-1-3241888/
79000,1481,53.34,4,5,2,1980-01-01,Central,Fully equipped,0.24,0.18,0.43,0.18,12,Šiauliai,Centras,https://en.aruodas.lt/butai-siauliuose-centre-vytauto-g-2-k-butas-45a-centre-vytauto-g-raudonuose-1-3240764/
136000,2267,60.0,4,4,2,2009-01-01,Gas,Fully equipped,0.13,0.14,0.27,0.23,5,Šiauliai,Centras,https://en.aruodas.lt/butai-siauliuose-centre-dvaro-g-parduodamas-suremontuotas-2-kambariu-butas-su-1-3235930/
44900,1087,41.3,5,5,1,1972-01-01,Central,Fully equipped,0.45,0.46,0.54,0.21,3,Šiauliai,Centras,https://en.aruodas.lt/butai-siauliuose-centre-kauno-g-baltu-plytu-murinis-namas-5a-is-5-1-3226396/
80000,1118,71.57,4,5,4,1970-01-01,Central,Other,0.07,0.44,0.35,0.13,6,Šiauliai,Centras,https://en.aruodas.lt/butai-siauliuose-centre-zalgirio-g-parduodamas-4k-butas-zalgirio-g-siauliai-1-3225538/
40500,961,42.14,1,5,2,1963-01-01,Central,Fully equipped,0.12,0.24,0.17,0.1,6,Šiauliai,Centras,https://en.aruodas.lt/butai-siauliuose-centre-ezero-g-parduodamas-tvarkingas-siltas-2-ju-kambariu-1-3223138/
68300,1600,42.69,4,5,2,1963-01-01,Central,Fully equipped,0.25,0.12,0.21,0.08,27,Šiauliai,Centras,https://en.aruodas.lt/butai-siauliuose-centre-p-visinskio-g-puikus-pasirinkimas-ieskantiems-buto-miesto-1-3186104/
30000,1091,27.49,4,4,1,1961-01-01,Central,Partial decoration,0.14,0.07,0.1,0.13,7,Šiauliai,Centras,https://en.aruodas.lt/butai-siauliuose-centre-vilniaus-g-puikus-pasiulymas-norintiems-isirengti-busta-1-3193542/
59900,1177,50.91,5,5,2,1983-01-01,Central,Fully equipped,0.11,0.2,0.12,0.17,4,Šiauliai,Centras,https://en.aruodas.lt/butai-siauliuose-centre-p-luksio-g-parduodamas-2-kambariu-butas-p-luksio-g-9-1-3218934/
29000,829,35.0,5,5,2,1978-01-01,Central,Fully equipped,0.49,0.46,0.18,0.19,2,Šiauliai,Centras,https://en.aruodas.lt/butai-siauliuose-centre-gumbines-g-parduodamas-tvarkingas-2-kambariu-butas-1-3216934/
55500,1487,37.33,5,5,1,1990-01-01,Central,Fully equipped,0.24,0.12,0.21,0.13,9,Šiauliai,Dainiai,https://en.aruodas.lt/butai-siauliuose-dainiuose-tilzes-g-parduodamas-1-kambario-butas-tilzes-gatveje-1-3271246/
58200,1532,38.0,2,5,1,1986-01-01,Central,Fully equipped,0.24,0.12,0.21,0.13,9,Šiauliai,Dainiai,https://en.aruodas.lt/butai-siauliuose-dainiuose-tilzes-g-parduodamas-pilnai-ir-kokybiskai-irengtas-1-1-3269126/
107000,1305,82.0,5,9,4,1982-01-01,Central,Fully equipped,0.06,0.15,0.03,0.19,2,Šiauliai,Dainiai,https://en.aruodas.lt/butai-siauliuose-dainiuose-architektu-g-suremontuotas-tvarkingas-4-kambariu-butas-1-3268456/
49900,1349,37.0,4,5,1,1989-01-01,Central,Fully equipped,0.32,0.28,0.11,0.15,10,Šiauliai,Dainiai,https://en.aruodas.lt/butai-siauliuose-dainiuose-geguziu-g-butas-puikioje-vietoje-geguziu-gatveje-1-3266330/
73900,1449,51.0,2,5,2,1985-01-01,Central,Fully equipped,0.15,0.22,0.19,0.05,6,Šiauliai,Dainiai,https://en.aruodas.lt/butai-siauliuose-dainiuose-geguziu-g-parduodamas-2-ju-kambariu-butas-geguziu-g-1-3265812/
58000,910,63.74,7,9,3,1981-01-01,Central,Fully equipped,0.14,0.33,0.3,0.18,6,Šiauliai,Dainiai,https://en.aruodas.lt/butai-siauliuose-dainiuose-lyros-g-parduodamas-3-kambariu-butas-lyros-g-2-1-3246225/
61500,1196,51.4,9,9,2,1984-01-01,Central,Fully equipped,0.19,0.29,0.24,0.2,7,Šiauliai,Dainiai,https://en.aruodas.lt/butai-siauliuose-dainiuose-lyros-g-sumazinome-kaina-puikus-pasiulymas-1-3264700/
84000,1043,80.53,7,9,4,1986-01-01,Central,Fully equipped,0.31,0.13,0.21,0.16,3,Šiauliai,Dainiai,https://en.aruodas.lt/butai-siauliuose-dainiuose-architektu-g-parduodamas-erdvus-sviesus-4-iu-kambariu-1-3262994/
65000,1300,50.0,4,9,2,1986-01-01,Central,Fully equipped,0.35,0.22,0.13,0.08,8,Šiauliai,Dainiai,https://en.aruodas.lt/butai-siauliuose-dainiuose-geguziu-g-parduodamas-2-kambariu-butas-siauliuose-1-3262694/
69900,1315,53.16,5,5,2,1977-01-01,Central,Fully equipped,0.23,0.24,0.19,0.04,8,Šiauliai,Dainiai,https://en.aruodas.lt/butai-siauliuose-dainiuose-lyros-g-bute-po-kapitalinio-remonto-negyventa-1-3258676/
77500,1208,64.13,3,5,3,1982-01-01,Central,Fully equipped,0.15,0.27,0.31,0.13,7,Šiauliai,Dainiai,https://en.aruodas.lt/butai-siauliuose-dainiuose-dainu-g-siauliaidainiaidainu-g-parduodamas-1-3267002/
92800,1547,60.0,11,12,2,1982-01-01,Central,Fully equipped,0.27,0.14,0.14,0.23,8,Šiauliai,Dainiai,https://en.aruodas.lt/butai-siauliuose-dainiuose-aido-g-parduodamas-2-ju-kambariu-butas-aido-g11-ame-1-3266906/
63900,998,64.0,9,9,3,1978-01-01,Central,Fully equipped,0.12,0.12,0.15,0.17,5,Šiauliai,Dainiai,https://en.aruodas.lt/butai-siauliuose-dainiuose-dainu-g-jusu-paieskos-baigtos-su-siuo-butu-myletas-1-2901147/
87000,1339,64.96,1,5,3,1983-01-01,Central,Fully equipped,0.17,0.24,0.24,0.24,7,Šiauliai,Dainiai,https://en.aruodas.lt/butai-siauliuose-dainiuose-dainu-g-dainu-g-parduodamas-suremontuotas-3-k-1-3266784/
61500,1206,51.0,9,9,2,1984-01-01,Central,Fully equipped,0.19,0.29,0.24,0.2,7,Šiauliai,Dainiai,https://en.aruodas.lt/butai-siauliuose-dainiuose-lyros-g-puikus-pasiulymas-parduodamas-katik-po-1-3255256/
101000,1263,80.0,10,14,4,1989-01-01,Central,Fully equipped,0.21,0.28,0.02,0.06,5,Šiauliai,Dainiai,https://en.aruodas.lt/butai-siauliuose-dainiuose-lyros-g-nekilnojamas-turtas-be-tarpininku-1-2914389/
34000,1030,33.0,5,5,1,1990-01-01,Central,Fully equipped,0.3,0.19,0.14,0.24,4,Šiauliai,Dainiai,https://en.aruodas.lt/butai-siauliuose-dainiuose-dainu-g-dainu-gatveje-parduodamas-33-kvadratiniu-1-3261186/
59000,1157,50.99,8,9,2,1986-01-01,Central,Fully equipped,0.23,0.11,0.06,0.11,4,Šiauliai,Dainiai,https://en.aruodas.lt/butai-siauliuose-dainiuose-architektu-g-vidurinis-siltas-butas-astuntame-aukste-is-1-3261280/
61500,1183,52.0,7,9,2,1990-01-01,Central,Fully equipped,0.29,0.2,0.23,0.17,4,Šiauliai,Dainiai,https://en.aruodas.lt/butai-siauliuose-dainiuose-gardino-g-agenturos-nedomina-parduoda-savininkas-1-3250283/
55000,1100,50.0,5,5,2,1982-01-01,Central,Fully equipped,0.24,0.22,0.04,0.29,3,Šiauliai,Dainiai,https://en.aruodas.lt/butai-siauliuose-dainiuose-dainu-g-parduodamas-tvarkingas-2-k-butas-dainu-g-1-3249909/
32500,1028,31.62,3,5,1,1984-01-01,Central,Partial decoration,0.17,0.18,0.23,0.05,2,Šiauliai,Dainiai,https://en.aruodas.lt/butai-siauliuose-dainiuose-architektu-g-parduodamas-1-kamb-3162-kvm-butas-adresu-1-3247091/
46000,1256,36.63,3,5,1,1985-01-01,Central,Fully equipped,0.22,0.29,0.26,0.08,6,Šiauliai,Dainiai,https://en.aruodas.lt/butai-siauliuose-dainiuose-geguziu-g-parduodamas-tvarkingas-vieno-kambario-butas-1-3271836/
69900,933,74.88,12,12,4,1992-01-01,Central,Fully equipped,0.27,0.14,0.14,0.23,8,Šiauliai,Dainiai,https://en.aruodas.lt/butai-siauliuose-dainiuose-aido-g-parduodamas-tvarkingas-7488-kv-m-ploto-1-3258684/
59000,1595,37.0,3,5,2,1981-01-01,Central,Fully equipped,0.27,0.21,0.08,0.22,3,Šiauliai,Dainiai,https://en.aruodas.lt/butai-siauliuose-dainiuose-dainu-g-dainu-g-parduodamas-puikus-suremontuotas-2-1-3271528/
89000,1374,64.77,8,9,3,1981-01-01,Central,Fully equipped,0.3,0.25,0.06,0.2,4,Šiauliai,Dainiai,https://en.aruodas.lt/butai-siauliuose-dainiuose-dainu-g-pietineje-miesto-dalyje-dainu-mikrorajone-1-3273390/
39900,1191,33.51,1,5,1,1979-01-01,Central,Fully equipped,0.3,0.12,0.07,0.09,9,Šiauliai,Dainiai,https://en.aruodas.lt/butai-siauliuose-dainiuose-geguziu-g-super-variantas-ieskantiems-vieno-kambario-1-3273344/
65000,1019,63.78,3,5,3,1981-01-01,Central,Partial decoration,0.11,0.33,0.26,0.22,5,Šiauliai,Dainiai,https://en.aruodas.lt/butai-siauliuose-dainiuose-lyros-g-pietineje-miesto-dalyje-dainu-mikrorajone-1-3273090/
65500,1317,49.75,2,5,2,1985-01-01,Central,Fully equipped,0.32,0.47,0.31,0.1,7,Šiauliai,Dainiai,https://en.aruodas.lt/butai-siauliuose-dainiuose-geguziu-g-ramioje-patogioje-vietoje-geguziu-gnr29-1-3272988/
75000,1505,49.84,1,9,2,1981-01-01,Central,Fully equipped,0.41,0.19,0.17,0.14,7,Šiauliai,Dainiai,https://en.aruodas.lt/butai-siauliuose-dainiuose-aido-g-parduodamas-2-ju-kambariu-butas-aido-g-3-1-3272786/
68500,1338,51.19,4,9,2,1985-01-01,Central,Fully equipped,0.28,0.04,0.22,0.17,3,Šiauliai,Dainiai,https://en.aruodas.lt/butai-siauliuose-dainiuose-architektu-g-parduodamas-2-k-butas-architektu-g-su-1-3272658/
89000,1383,64.35,2,5,3,1977-01-01,Central,Fully equipped,0.29,0.24,0.29,0.15,8,Šiauliai,Dainiai,https://en.aruodas.lt/butai-siauliuose-dainiuose-gardino-g-svesk-sventes-naujuose-namuose-idomu-1-3272570/
68000,1063,64.0,3,5,3,1979-01-01,Central,Fully equipped,0.3,0.13,0.24,0.32,9,Šiauliai,Dainiai,https://en.aruodas.lt/butai-siauliuose-dainiuose-dainu-g-nekilnojamojo-turto-agentura-du-procentai-1-3272434/
70900,1418,50.0,2,5,2,1981-01-01,Central,Fully equipped,0.15,0.27,0.31,0.13,7,Šiauliai,Dainiai,https://en.aruodas.lt/butai-siauliuose-dainiuose-lyros-g-puikus-pasiulymas-parduodamas-2-k-butas-1-3272322/
57000,1118,51.0,2,9,2,1985-01-01,Central,Partial decoration,0.22,0.19,0.3,0.04,2,Šiauliai,Dainiai,https://en.aruodas.lt/butai-siauliuose-dainiuose-gardino-g-parduodamas-2k-butas-puikioje-vietoje-1-3272210/
72000,1133,63.54,5,5,3,1983-01-01,Central,Fully equipped,0.2,0.23,0.26,0.03,1,Šiauliai,Dainiai,https://en.aruodas.lt/butai-siauliuose-dainiuose-architektu-g-tvarkingas-salia-dainu-parko-3-kambariu-1-3272172/
51999,1044,49.83,2,9,2,1978-01-01,Central,Fully equipped,0.14,0.23,0.08,0.17,4,Šiauliai,Dainiai,https://en.aruodas.lt/butai-siauliuose-dainiuose-dainu-g-siauliai-dainiai-dainu-g-82-butas-ii-1-3271994/
70900,1418,50.0,2,5,2,1981-01-01,Central,Fully equipped,0.11,0.33,0.26,0.22,5,Šiauliai,Dainiai,https://en.aruodas.lt/butai-siauliuose-dainiuose-lyros-g-parduodamas-jaukus-siltas-vidurinis-2k-1-3271530/
68500,1338,51.19,4,9,2,1985-01-01,Central,Fully equipped,0.28,0.04,0.22,0.17,3,Šiauliai,Dainiai,https://en.aruodas.lt/butai-siauliuose-dainiuose-architektu-g-parduodamas-jaukus-siltas-vidurinis-2k-1-3271522/
69900,1397,50.05,4,5,2,1977-01-01,Central,Fully equipped,0.26,0.23,0.27,0.09,7,Šiauliai,Dainiai,https://en.aruodas.lt/butai-siauliuose-dainiuose-gardino-g-parduodamas-naujai-irengtas-dvieju-kambariu-1-3271338/
71500,1430,50.0,3,5,2,1983-01-01,Central,Fully equipped,0.22,0.19,0.3,0.04,2,Šiauliai,Dainiai,https://en.aruodas.lt/butai-siauliuose-dainiuose-gardino-g-parduodamas-kapitaliskai-suremontuotas-2k-1-3270856/
49900,1007,49.56,4,5,2,1976-01-01,Central,Fully equipped,0.29,0.21,0.22,0.16,8,Šiauliai,Dainiai,https://en.aruodas.lt/butai-siauliuose-dainiuose-gardino-g-miesto-pietineje-dalyje-parduodamas-2-1-3269046/
56900,1138,50.0,3,5,2,1988-01-01,Central,Fully equipped,0.21,0.32,0.33,0.2,13,Šiauliai,Dainiai,https://en.aruodas.lt/butai-siauliuose-dainiuose-tilzes-g-gera-kaina-parduodamas-2-k-butas-1-3268556/
68000,1275,53.33,5,5,2,1985-01-01,Central,Fully equipped,0.31,0.22,0.11,0.26,4,Šiauliai,Dainiai,https://en.aruodas.lt/butai-siauliuose-dainiuose-dainu-g-parduodamas-butas-2-k-kokybe-1-3268008/
37000,1164,31.79,2,5,1,1988-01-01,Central,Fully equipped,0.27,0.24,0.03,0.2,10,Šiauliai,Dainiai,https://en.aruodas.lt/butai-siauliuose-dainiuose-geguziu-g-salia-berzynelio-parduodamas-suremontuotas-1-1-3267964/
58000,906,64.0,4,5,3,1977-01-01,Central,Partial decoration,0.42,0.33,0.13,0.07,7,Šiauliai,Dainiai,https://en.aruodas.lt/butai-siauliuose-dainiuose-gardino-g-gera-kaina-parduodamas-3-k-butas-puikioje-1-3267936/
57000,889,64.15,5,5,3,1977-01-01,Central,Partial decoration,0.23,0.24,0.19,0.04,8,Šiauliai,Dainiai,https://en.aruodas.lt/butai-siauliuose-dainiuose-lyros-g-labai-geroje-miesto-pietineje-dalyje-1-3267932/
36200,994,36.43,4,5,1,1985-01-01,Central,Fully equipped,0.27,0.14,0.19,0.21,4,Šiauliai,Dainiai,https://en.aruodas.lt/butai-siauliuose-dainiuose-dainu-g-dainu-g-puikioje-vietoje-parduodamas-1-k-1-3267290/
57800,1606,36.0,3,3,1,1984-01-01,Central,Fully equipped,0.21,0.24,0.07,0.07,12,Šiauliai,Dainiai,https://en.aruodas.lt/butai-siauliuose-dainiuose-tilzes-g-puikus-pasulymas-ieskantiems-erdvaus-vieno-1-3266306/
82000,1018,80.52,5,9,4,1987-01-01,Central,Fully equipped,0.18,0.2,0.11,0.11,9,Šiauliai,Dainiai,https://en.aruodas.lt/butai-siauliuose-dainiuose-geguziu-g-parduodamas-tvarkingas-ir-erdvus-4-kambariu-1-3266078/
69999,1373,51.0,9,9,2,1990-01-01,Central,Fully equipped,0.31,0.13,0.21,0.16,3,Šiauliai,Dainiai,https://en.aruodas.lt/butai-siauliuose-dainiuose-architektu-g-parduodamas-labai-tvarkingas-ir-jaukus-2-1-3264760/
53000,1037,51.09,7,9,2,1980-01-01,Central,Fully equipped,0.24,0.13,0.27,0.31,9,Šiauliai,Dainiai,https://en.aruodas.lt/butai-siauliuose-dainiuose-dainu-g-parduodamas-dvieju-kambariu-butas-labai-1-3264192/
61500,1245,49.41,5,5,2,1977-01-01,Central,Fully equipped,0.32,0.19,0.08,0.18,8,Šiauliai,Dainiai,https://en.aruodas.lt/butai-siauliuose-dainiuose-aido-g-parduodamas-4941-kv-m-ploto-dvieju-1-3264004/
49900,998,50.0,9,9,2,1983-01-01,Central,Fully equipped,0.22,0.19,0.3,0.04,2,Šiauliai,Dainiai,https://en.aruodas.lt/butai-siauliuose-dainiuose-gardino-g-parduodamas-puikus-2k-butas-gardino-g-1-3263906/
50900,1018,50.0,7,9,2,1981-01-01,Central,Fully equipped,0.2,0.27,0.06,0.14,4,Šiauliai,Dainiai,https://en.aruodas.lt/butai-siauliuose-dainiuose-dainu-g-parduodamas-2k-butas-puikioje-vietoje-1-3263904/
59700,1194,50.0,5,5,2,1976-01-01,Central,Fully equipped,0.07,0.08,0.23,0.29,9,Šiauliai,Dainiai,https://en.aruodas.lt/butai-siauliuose-dainiuose-dainu-g-parduodamas-2-kambariu-5050kvm-ploto-butas-1-3263598/
76500,1189,64.35,1,5,3,1980-01-01,Central,Fully equipped,0.18,0.11,0.14,0.32,4,Šiauliai,Dainiai,https://en.aruodas.lt/butai-siauliuose-dainiuose-dainu-g-parduodamas-jaukus-patogioje-vietoje-3-1-3262826/
46000,897,51.31,4,5,2,1974-01-01,Central,Fully equipped,0.37,0.45,0.23,0.11,7,Šiauliai,Dainiai,https://en.aruodas.lt/butai-siauliuose-dainiuose-geguziu-g-parduodamas-2-kambariu-5131-kv-m-ploto-1-3260698/
67000,1052,63.69,7,9,3,1980-01-01,Central,Fully equipped,0.14,0.23,0.12,0.14,5,Šiauliai,Dainiai,https://en.aruodas.lt/butai-siauliuose-dainiuose-lyros-g-naujiena-rinkoje-parduodamas-triju-kambariu-1-3258978/
52000,1020,51.0,6,9,2,1983-01-01,Central,Partial decoration,0.22,0.19,0.3,0.04,2,Šiauliai,Dainiai,https://en.aruodas.lt/butai-siauliuose-dainiuose-gardino-g-parduodamas-naujo-plano-geroje-strategineje-1-3254451/
79999,1569,51.0,6,9,2,1980-01-01,Central,Fully equipped,0.3,0.18,0.01,0.23,3,Šiauliai,Dainiai,https://en.aruodas.lt/butai-siauliuose-dainiuose-aido-g-parduodamas-kokybiskai-suremontuotas-2-1-3249917/
66500,1040,63.93,4,5,3,1984-01-01,Central,Fully equipped,0.05,0.09,0.13,0.14,3,Šiauliai,Dainiai,https://en.aruodas.lt/butai-siauliuose-dainiuose-architektu-g-puikus-pasiulymas-norintiems-isirengti-3-1-3248019/
12200,831,14.68,3,5,1,1980-01-01,Central,Fully equipped,0.3,0.16,0.04,0.05,8,Šiauliai,Dainiai,https://en.aruodas.lt/butai-siauliuose-dainiuose-geguziu-g-puikus-pasiulymas-ieskantiems-1-kambario-buto-1-3245723/
64500,1012,63.74,9,9,3,1982-01-01,Central,Fully equipped,0.14,0.33,0.3,0.18,6,Šiauliai,Dainiai,https://en.aruodas.lt/butai-siauliuose-dainiuose-lyros-g-parduodamas-3-kambariu-butas-su-2-balkonais-1-3245379/
53300,1066,50.0,5,5,2,1981-01-01,Central,Fully equipped,0.26,0.28,0.06,0.16,3,Šiauliai,Dainiai,https://en.aruodas.lt/butai-siauliuose-dainiuose-dainu-g-parduodamas-2-k-butas-puikioje-vietoje-dainu-1-3236976/
12900,717,18.0,5,5,1,1973-01-01,Central,Fully equipped,0.25,0.3,0.4,0.13,12,Šiauliai,Lieporiai,https://en.aruodas.lt/butai-siauliuose-lieporiuose-tilzes-g-parduodamas-1-kambario-bendrabucio-tipo-butas-1-3272168/
36300,1171,31.0,3,5,1,1971-01-01,Central,Other,0.09,0.29,0.24,0.3,4,Šiauliai,Lieporiai,https://en.aruodas.lt/butai-siauliuose-lieporiuose-lieporiu-g-1k-butas-lieporiu-g-36300eur-3a-is-5-1-3270672/
59000,1172,50.33,3,5,2,1975-01-01,Central,Fully equipped,0.09,0.26,0.28,0.17,6,Šiauliai,Lieporiai,https://en.aruodas.lt/butai-siauliuose-lieporiuose-v-grinkeviciaus-g-parduodamas-2-kambariu-5033-kvm-butas-1-3268762/
81900,1145,71.5,12,12,3,1973-01-01,Central,Fully equipped,0.19,0.31,0.14,0.05,17,Šiauliai,Lieporiai,https://en.aruodas.lt/butai-siauliuose-lieporiuose-tilzes-g-parduodamas-triju-kambariu-butas-pietineje-1-3265282/
78500,1208,65.0,1,9,3,1976-01-01,Central,Fully equipped,0.27,0.21,0.31,0.21,1,Šiauliai,Lieporiai,https://en.aruodas.lt/butai-siauliuose-lieporiuose-krymo-g-parduodamas-3-kambariu-butas-salia-akropolio-1-3263058/
68900,963,71.53,11,12,3,1971-01-01,Central,Fully equipped,0.25,0.27,0.33,0.2,13,Šiauliai,Lieporiai,https://en.aruodas.lt/butai-siauliuose-lieporiuose-tilzes-g-parduodamas-triju-kambariu-butas-labai-geroje-1-3261494/
39000,1280,30.48,1,5,1,1971-01-01,Central,Fully equipped,0.17,0.42,0.08,0.12,3,Šiauliai,Lieporiai,https://en.aruodas.lt/butai-siauliuose-lieporiuose-geguziu-g-parduodamas-vieno-kambario-butas-geguziu-g-1-3266872/
50000,1124,44.49,2,5,2,1972-01-01,Central,Fully equipped,0.16,0.2,0.27,0.39,4,Šiauliai,Lieporiai,https://en.aruodas.lt/butai-siauliuose-lieporiuose-lieporiu-g-puikus-pasiulymas-ieskantiems-2-kambariu-1-3256518/
35900,1235,29.07,1,5,1,1968-01-01,Central,Fully equipped,0.27,0.22,0.19,0.13,13,Šiauliai,Lieporiai,https://en.aruodas.lt/butai-siauliuose-lieporiuose-naujo-ryto-tak-jaukus-kompaktiskas-1-no-kambario-butas-1-3265660/
62000,1409,44.0,5,5,2,1969-01-01,Central,Fully equipped,0.12,0.26,0.07,0.12,14,Šiauliai,Lieporiai,https://en.aruodas.lt/butai-siauliuose-lieporiuose-naujo-ryto-tak-speciali-sumazinta-kaina-galima-pirkti-su-1-3253553/
43000,976,44.06,1,5,2,1972-01-01,Central,Fully equipped,0.05,0.32,0.23,0.27,4,Šiauliai,Lieporiai,https://en.aruodas.lt/butai-siauliuose-lieporiuose-saules-tak-parduodamas-2-kambariu-butasreikalingas-1-3268840/
132000,889,148.56,5,5,5,1995-01-01,Central,Fully equipped,0.45,0.35,0.45,0.15,5,Šiauliai,Lieporiai,https://en.aruodas.lt/butai-siauliuose-lieporiuose-skalviu-g-parduodamas-isskirtinis-6-kambariu-butas-1-3248133/
50000,1124,44.49,2,5,2,1972-01-01,Central,Fully equipped,0.21,0.16,0.27,0.38,2,Šiauliai,Lieporiai,https://en.aruodas.lt/butai-siauliuose-lieporiuose-lieporiu-g-pietineje-miesto-dalyje-lieporiu-mikrorajone-1-3247001/
7900,439,17.98,3,5,1,1970-01-01,Central,Fully equipped,0.24,0.41,0.58,0.05,10,Šiauliai,Lieporiai,https://en.aruodas.lt/butai-siauliuose-lieporiuose-tilzes-g-parduodamas-1-kambario-bendrabucio-tipo-butas-1-3270038/
69000,1056,65.33,1,12,3,1979-01-01,Central,Fully equipped,0.21,0.26,0.12,0.32,4,Šiauliai,Lieporiai,https://en.aruodas.lt/butai-siauliuose-lieporiuose-gvazdiku-tak-siauliuose-pietineje-miesto-dalyje-1-3245191/
64000,1000,64.0,3,5,3,1974-01-01,Central,Fully equipped,0.27,0.21,0.31,0.21,1,Šiauliai,Lieporiai,https://en.aruodas.lt/butai-siauliuose-lieporiuose-krymo-g-parduodamas-3-ju-kambariu-butas-butas-1-3273128/
35900,1197,30.0,2,5,1,1987-01-01,Central,Partial decoration,0.12,0.15,0.42,0.27,13,Šiauliai,Lieporiai,https://en.aruodas.lt/butai-siauliuose-lieporiuose-rasos-g-parduodamas-sviesus-ir-siltas-1-kambario-1-3272738/
63000,1333,47.25,5,5,2,1967-01-01,Central,Fully equipped,0.09,0.14,0.46,0.31,13,Šiauliai,Lieporiai,https://en.aruodas.lt/butai-siauliuose-lieporiuose-rasos-g-naujiena-rinkoje-dar-niekur-nereklamuotas-1-3268920/
75000,1530,49.01,4,5,3,1970-01-01,Central,Fully equipped,0.21,0.12,0.24,0.19,5,Šiauliai,Lieporiai,https://en.aruodas.lt/butai-siauliuose-lieporiuose-s-dariaus-ir-s-gireno-g-parduodamas-funkcionalus-kapitaliai-1-3272474/
12900,701,18.41,3,5,1,1969-01-01,Central,Fully equipped,0.24,0.41,0.58,0.05,10,Šiauliai,Lieporiai,https://en.aruodas.lt/butai-siauliuose-lieporiuose-tilzes-g-tilzes-gatveje-nr-52-parduodamas-tvarkingas-1-3272270/
79500,1155,68.81,4,5,3,1975-01-01,Central,Fully equipped,0.21,0.18,0.25,0.15,8,Šiauliai,Lieporiai,https://en.aruodas.lt/butai-siauliuose-lieporiuose-v-grinkeviciaus-g-parduodamas-3-ju-kambariu-butas-6551-kv-1-3271954/
52000,847,61.41,1,5,3,1966-01-01,Central,Fully equipped,0.13,0.24,0.61,0.42,10,Šiauliai,Lieporiai,https://en.aruodas.lt/butai-siauliuose-lieporiuose-aukstabalio-g-nt-agentura-du-procentai-2-siulo-1-3271930/
36000,1176,30.6,5,5,1,1972-01-01,Central,Fully equipped,0.22,0.29,0.26,0.08,6,Šiauliai,Lieporiai,https://en.aruodas.lt/butai-siauliuose-lieporiuose-geguziu-g-parduodamas-1-kambario-butas-geroje-vietoje-1-3271736/
37500,1071,35.0,5,5,2,1972-01-01,Central,Fully equipped,0.2,0.28,0.21,0.11,13,Šiauliai,Lieporiai,https://en.aruodas.lt/butai-siauliuose-lieporiuose-tilzes-g-uz-patrauklia-kaina-parduodamas-1-3263346/
29500,965,30.56,3,5,1,1971-01-01,Central,Fully equipped,0.12,0.19,0.18,0.14,5,Šiauliai,Lieporiai,https://en.aruodas.lt/butai-siauliuose-lieporiuose-geguziu-g-parduodamas-vieno-kambario-butas-lieporiu-1-3270744/
71000,1450,48.96,4,12,2,1973-01-01,Central,Fully equipped,0.19,0.31,0.14,0.05,17,Šiauliai,Lieporiai,https://en.aruodas.lt/butai-siauliuose-lieporiuose-tilzes-g-parduodamas-tvarkingas-2-kambariu-butas-1-3270622/
125000,1039,120.35,4,5,4,1995-01-01,Central,Fully equipped,0.41,0.35,0.47,0.09,3,Šiauliai,Lieporiai,https://en.aruodas.lt/butai-siauliuose-lieporiuose-skalviu-g-4-k-erdvus-nestandartinio-isplanavimo-120-1-3270594/
45000,1016,44.3,5,5,2,1971-01-01,Central,Fully equipped,0.27,0.17,0.34,0.06,5,Šiauliai,Lieporiai,https://en.aruodas.lt/butai-siauliuose-lieporiuose-s-dariaus-ir-s-gireno-g-parduodamas-2-k-butas-s-dariaus-ir-s-1-3270228/
73000,903,80.84,5,5,4,1975-01-01,Central,Fully equipped,0.06,0.23,0.29,0.15,2,Šiauliai,Lieporiai,https://en.aruodas.lt/butai-siauliuose-lieporiuose-krymo-g-parduodamas-tvarkingas-ir-erdvus-4-kambariu-1-3269628/
59999,968,62.0,4,5,3,1967-01-01,Central,Fully equipped,0.19,0.38,0.59,0.11,10,Šiauliai,Lieporiai,https://en.aruodas.lt/butai-siauliuose-lieporiuose-aukstabalio-g-siauliai-lieporiai-aukstabalio-g-4-1-3268998/
90000,1102,81.66,2,5,4,1975-01-01,Central,Fully equipped,0.09,0.26,0.28,0.17,6,Šiauliai,Lieporiai,https://en.aruodas.lt/butai-siauliuose-lieporiuose-v-grinkeviciaus-g-parduodamas-labai-geroje-vietoje-4-iu-1-3268842/
59900,1198,50.0,2,5,2,1974-01-01,Central,Fully equipped,0.08,0.14,0.41,0.18,2,Šiauliai,Lieporiai,https://en.aruodas.lt/butai-siauliuose-lieporiuose-krymo-g-parduodamas-2k-butas-paciame-geriausiame-1-3268814/
53400,1757,30.39,4,5,1,1971-01-01,Central,Fully equipped,0.06,0.37,0.19,0.23,2,Šiauliai,Lieporiai,https://en.aruodas.lt/butai-siauliuose-lieporiuose-saules-tak-saules-tak-4-salia-geguziu-g-ketvirtame-1-3268552/
42000,955,44.0,1,5,2,1969-01-01,Central,Other,0.18,0.14,0.09,0.06,5,Šiauliai,Lieporiai,https://en.aruodas.lt/butai-siauliuose-lieporiuose-lieporiu-g-parduodamas-2-nepereinamu-kamb-butas-su-1-3268514/
56000,1514,37.0,1,5,1,1979-01-01,Central,Fully equipped,0.37,0.45,0.23,0.11,7,Šiauliai,Lieporiai,https://en.aruodas.lt/butai-siauliuose-lieporiuose-geguziu-g-parduodamas-butas-tinkantis-investicijai-1-3257982/
36000,1059,34.0,5,5,1,1967-01-01,Central,Fully equipped,0.12,0.15,0.42,0.27,13,Šiauliai,Lieporiai,https://en.aruodas.lt/butai-siauliuose-lieporiuose-rasos-g-puikus-pasiulymas-gyventi-ekonomiskai-ir-1-3268100/
51000,1029,49.54,4,5,2,1977-01-01,Central,Fully equipped,0.12,0.29,0.24,0.1,6,Šiauliai,Lieporiai,https://en.aruodas.lt/butai-siauliuose-lieporiuose-krymo-g-naujiena-rinkoje-parduodamas-dvieju-1-3267298/
59900,982,61.0,4,5,3,1968-01-01,Central,Fully equipped,0.18,0.27,0.12,0.12,17,Šiauliai,Lieporiai,https://en.aruodas.lt/butai-siauliuose-lieporiuose-naujo-ryto-tak-gera-kaina-parduodamas-3-k-butas-puikioje-1-3266762/
132000,889,148.56,5,5,5,1995-01-01,Central,Fully equipped,0.45,0.35,0.45,0.15,5,Šiauliai,Lieporiai,https://en.aruodas.lt/butai-siauliuose-lieporiuose-skalviu-g-parduodamas-isskirtinis-6-iu-kambariu-butas-1-3266516/
132000,889,148.56,5,5,5,1995-01-01,Central,Fully equipped,0.45,0.35,0.45,0.15,5,Šiauliai,Lieporiai,https://en.aruodas.lt/butai-siauliuose-lieporiuose-skalviu-g-parduodamas-isskirtinis-6-kambariu-butas-1-3248133/
76900,1602,48.0,5,5,2,1970-01-01,Central,Fully equipped,0.2,0.13,0.29,0.12,5,Šiauliai,Lieporiai,https://en.aruodas.lt/butai-siauliuose-lieporiuose-s-dariaus-ir-s-gireno-g-parduodamas-suremontuotas-ir-labai-jaukus-1-3266482/
31900,1063,30.0,5,5,1,1967-01-01,Central,Partial decoration,0.11,0.33,0.64,0.27,10,Šiauliai,Lieporiai,https://en.aruodas.lt/butai-siauliuose-lieporiuose-aukstabalio-g-parduodamas-1k-butas-aukstabalio-g-8-1-3265516/
32000,1080,29.64,5,5,1,1971-01-01,Central,Fully equipped,0.11,0.32,0.25,0.3,2,Šiauliai,Lieporiai,https://en.aruodas.lt/butai-siauliuose-lieporiuose-lieporiu-g-strategiskai-patogioje-vietoje-parduodamas-1k-1-3247145/
66900,1043,64.17,5,5,3,1975-01-01,Central,Fully equipped,0.06,0.23,0.29,0.15,2,Šiauliai,Lieporiai,https://en.aruodas.lt/butai-siauliuose-lieporiuose-krymo-g-parduodamas-erdvus-3-kambariu-6417-kv-m-1-3263894/
68900,1060,65.0,3,12,3,1978-01-01,Central,Fully equipped,0.23,0.2,0.1,0.3,4,Šiauliai,Lieporiai,https://en.aruodas.lt/butai-siauliuose-lieporiuose-gvazdiku-tak-murinis-namas-3a-is-12-bendras-plotas-65-1-3261574/
57999,1295,44.77,5,5,2,1970-01-01,Central,Fully equipped,0.14,0.24,0.21,0.35,4,Šiauliai,Lieporiai,https://en.aruodas.lt/butai-siauliuose-lieporiuose-lieporiu-g-parduodamas-2-kambariu-butas-lieporiu-g-11-1-3259938/
11799,656,18.0,5,5,1,1969-01-01,Central,Fully equipped,0.2,0.28,0.21,0.11,13,Šiauliai,Lieporiai,https://en.aruodas.lt/butai-siauliuose-lieporiuose-tilzes-g-siauliai-lieporiai-tilzes-g-36-kambariu-1-3255356/
41000,970,42.28,5,5,2,1967-01-01,Central,Partial decoration,0.09,0.14,0.46,0.31,13,Šiauliai,Lieporiai,https://en.aruodas.lt/butai-siauliuose-lieporiuose-rasos-g-parduodamas-2-kambariu-butas-su-rusiu-rasos-g-1-3253391/
79000,988,79.97,7,9,4,1976-01-01,Central,Fully equipped,0.11,0.25,0.29,0.07,2,Šiauliai,Lieporiai,https://en.aruodas.lt/butai-siauliuose-lieporiuose-krymo-g-jei-ieskote-erdvaus-busto-patrauklioje-1-3250937/
59900,977,61.33,5,5,3,1966-01-01,Central,Fully equipped,0.13,0.24,0.61,0.42,10,Šiauliai,Lieporiai,https://en.aruodas.lt/butai-siauliuose-lieporiuose-aukstabalio-g-parduodamas-puikaus-isplanavimo-3-kambariu-1-3247291/
11950,669,17.87,5,5,1,1972-01-01,Central,Fully equipped,0.2,0.28,0.21,0.11,13,Šiauliai,Lieporiai,https://en.aruodas.lt/butai-siauliuose-lieporiuose-tilzes-g-parduodamas-1-kambario-bendrabucio-tipo-butas-1-3247185/
69900,1597,43.76,3,5,2,1966-01-01,Central,Fully equipped,0.13,0.19,0.56,0.42,10,Šiauliai,Lieporiai,https://en.aruodas.lt/butai-siauliuose-lieporiuose-rasos-g-parduodamas-2-kambariu-butas-su-balkonu-ir-1-3246139/
59000,965,61.14,5,5,4,1972-01-01,Central,Fully equipped,0.16,0.43,0.2,0.24,2,Šiauliai,Lieporiai,https://en.aruodas.lt/butai-siauliuose-lieporiuose-lieporiu-g-parduodamas-sauletas-ir-siltas-4-kambariu-1-3242089/
52800,1173,45.0,5,5,2,1972-01-01,Central,Fully equipped,0.16,0.43,0.2,0.24,2,Šiauliai,Lieporiai,https://en.aruodas.lt/butai-siauliuose-lieporiuose-lieporiu-g-parduodamas-2-ju-kambariu-butas-aukstas-5-1-3230302/
45000,1010,44.54,5,5,2,1972-01-01,Central,Fully equipped,0.19,0.19,0.19,0.4,4,Šiauliai,Lieporiai,https://en.aruodas.lt/butai-siauliuose-lieporiuose-lieporiu-g-parduodamas-2-kambariu-butas-lieporiu-g-1-3172428/
60000,1197,50.12,1,5,2,1990-01-01,Central,Fully equipped,0.41,0.42,0.33,0.17,3,Šiauliai,Gytariai,https://en.aruodas.lt/butai-siauliuose-gytariuose-gytariu-g-parduodamas-butas-renovuotame-name-adresu-1-3271268/
77000,1204,63.94,5,5,3,1987-01-01,Central,Fully equipped,0.12,0.17,0.17,0.15,7,Šiauliai,Gytariai,https://en.aruodas.lt/butai-siauliuose-gytariuose-k-korsako-g-parduodamas-tvarkingas-3-ju-kambariu-butas-1-3223328/
83500,1164,71.72,3,9,3,1993-01-01,Central,Fully equipped,0.38,0.3,0.32,0.1,5,Šiauliai,Gytariai,https://en.aruodas.lt/butai-siauliuose-gytariuose-gytariu-g-parduodamas-3-kambariu-butas-gytariuose-1-3267600/
82000,1281,64.0,2,5,3,1990-01-01,Central,Fully equipped,0.44,0.34,0.4,0.16,4,Šiauliai,Gytariai,https://en.aruodas.lt/butai-siauliuose-gytariuose-gytariu-g-parduodamas-pilnai-irengtas-triju-kambariu-1-3266878/
59000,1139,51.8,5,5,2,1989-01-01,Central,Fully equipped,0.36,0.15,0.31,0.23,3,Šiauliai,Gytariai,https://en.aruodas.lt/butai-siauliuose-gytariuose-k-korsako-g-parduodamas-tvarkingas-2-ju-kambariu-butas-k-1-3262534/
105000,1641,64.0,1,5,3,1990-01-01,"Central, central thermostat",Fully equipped,0.56,0.35,0.47,0.14,4,Šiauliai,Gytariai,https://en.aruodas.lt/butai-siauliuose-gytariuose-k-korsako-g-parduodamas-butas-puikioje-vietoje-didelis-1-3271364/
79900,1065,75.0,5,5,3,1993-01-01,Central,Fully equipped,0.32,0.27,0.16,0.21,5,Šiauliai,Gytariai,https://en.aruodas.lt/butai-siauliuose-gytariuose-k-korsako-g-parduodamas-puikus-suremontuotas-erdvus-3-k-1-3266486/
67500,1056,63.94,4,5,3,1987-01-01,Central,Fully equipped,0.12,0.17,0.17,0.15,7,Šiauliai,Gytariai,https://en.aruodas.lt/butai-siauliuose-gytariuose-k-korsako-g-salia-geguziu-gatves-ketvirtame-aukste-1-3273224/
69999,869,80.52,8,9,4,1987-01-01,Central,Partial decoration,0.18,0.2,0.11,0.11,9,Šiauliai,Gytariai,https://en.aruodas.lt/butai-siauliuose-gytariuose-geguziu-g-puikus-pasiulymasnetoli-akropolio-gytariu-1-3273092/
69900,932,75.03,4,5,3,1992-01-01,Central,Fully equipped,0.22,0.29,0.26,0.08,6,Šiauliai,Gytariai,https://en.aruodas.lt/butai-siauliuose-gytariuose-geguziu-g-parduodamas-erdvus-nestandartinio-planavimo-1-3272656/
66500,1330,50.0,3,5,2,1988-01-01,Central,Fully equipped,0.11,0.21,0.21,0.22,6,Šiauliai,Gytariai,https://en.aruodas.lt/butai-siauliuose-gytariuose-k-korsako-g-parduodamas-3-aukste-suremontuotas-2-kambariu-1-3271326/
61400,1195,51.4,9,9,2,1984-01-01,Central,Fully equipped,0.19,0.29,0.24,0.2,7,Šiauliai,Gytariai,https://en.aruodas.lt/butai-siauliuose-gytariuose-lyros-g-nekilnojamojo-turto-agentura-du-procentai-2-1-3270972/
62900,975,64.52,5,5,3,1989-01-01,Central,Fully equipped,0.41,0.21,0.37,0.24,4,Šiauliai,Gytariai,https://en.aruodas.lt/butai-siauliuose-gytariuose-k-korsako-g-parduodamas-tvarkingas-3-kambariu-butas-su-1-3270812/
59000,1180,50.0,5,5,2,1984-01-01,Central,Fully equipped,0.31,0.1,0.32,0.28,3,Šiauliai,Gytariai,https://en.aruodas.lt/butai-siauliuose-gytariuose-k-korsako-g-parduodamas-2-ju-kambariu-butas-po-1-3212538/
70000,1094,64.0,5,9,3,1994-01-01,Central,Fully equipped,0.22,0.29,0.26,0.08,6,Šiauliai,Gytariai,https://en.aruodas.lt/butai-siauliuose-gytariuose-geguziu-g-parduodamas-3-ju-kambariu-butas-su-dviejais-1-3253307/
71000,1101,64.51,1,5,3,1989-01-01,Central,Fully equipped,0.39,0.22,0.31,0.19,5,Šiauliai,Gytariai,https://en.aruodas.lt/butai-siauliuose-gytariuose-gytariu-g-puikus-pasiulymas-pietineje-miesto-dalyje-1-3268708/
66000,1294,51.0,1,5,2,1987-01-01,Central,Fully equipped,0.21,0.25,0.08,0.06,7,Šiauliai,Gytariai,https://en.aruodas.lt/butai-siauliuose-gytariuose-geguziu-g-akcija-parduodamas-suremontuotas-2-1-3266768/
46500,1070,43.46,5,5,1,1992-01-01,Central,Fully equipped,0.28,0.3,0.22,0.09,5,Šiauliai,Gytariai,https://en.aruodas.lt/butai-siauliuose-gytariuose-geguziu-g-nestandartinis-vieno-kambario-butas-su-holu-1-3265798/
46500,1070,43.46,5,5,2,1992-01-01,Central,Fully equipped,0.28,0.3,0.22,0.09,5,Šiauliai,Gytariai,https://en.aruodas.lt/butai-siauliuose-gytariuose-geguziu-g-puikus-pasiulymas-ieskantiems-buto-su-holu-1-3223430/
75500,1339,56.38,1,5,2,1989-01-01,Central,Fully equipped,0.7,0.51,0.33,0.15,0,Šiauliai,Gytariai,https://en.aruodas.lt/butai-siauliuose-gytariuose-gytariu-g-nekilnojamojo-turto-agentura-du-procentai-1-3250081/
75000,893,84.0,2,5,4,1993-01-01,Central,Fully equipped,0.63,0.45,0.23,0.09,0,Šiauliai,Gytariai,https://en.aruodas.lt/butai-siauliuose-gytariuose-gytariu-g-parduodamas-erdvus-4-k-butas-su-puikioje-1-3249923/
89000,1023,87.0,4,13,4,1993-01-01,Central,Fully equipped,0.12,0.09,0.33,0.38,6,Šiauliai,Gytariai,https://en.aruodas.lt/butai-siauliuose-gytariuose-k-korsako-g-parduodamas-labai-jaukus-butas-gytariuose-1-3231284/
70000,1095,63.92,5,5,3,1990-01-01,Central,Fully equipped,0.41,0.38,0.36,0.15,4,Šiauliai,Gytariai,https://en.aruodas.lt/butai-siauliuose-gytariuose-gytariu-g-parduodamas-3-k-6392-kvm-bendro-ploto-1-3238354/
73800,1157,63.76,2,9,3,1989-01-01,Central,Fully equipped,0.27,0.33,0.11,0.09,7,Šiauliai,Gytariai,https://en.aruodas.lt/butai-siauliuose-gytariuose-k-korsako-g-parduodamas-butas-korsako-g-1a-siauliu-1-3224646/
82000,943,86.96,1,5,4,1993-01-01,Central,Fully equipped,0.65,0.48,0.22,0.08,0,Šiauliai,Gytariai,https://en.aruodas.lt/butai-siauliuose-gytariuose-gytariu-g-parduodamas-erdvus-4k-butas-pirmame-aukste-1-3198083/
